Daily,Rainfall,Flood Event
1/1/2016 0:00,0.750475881,0
2/1/2016 0:00,0,0
3/1/2016 0:00,0,0
4/1/2016 0:00,2,0
5/1/2016 0:00,0,0
6/1/2016 0:00,39,0
7/1/2016 0:00,0,0
8/1/2016 0:00,0,0
9/1/2016 0:00,0,0
10/1/2016 0:00,0,0
11/1/2016 0:00,13.71490263,0
12/1/2016 0:00,0.285097367,0
13/1/2016 0:00,0,0
14/1/2016 0:00,8,0
15/1/2016 0:00,13,0
16/1/2016 0:00,23,0
17/1/2016 0:00,31,0
18/1/2016 0:00,0,0
19/1/2016 0:00,0.5,0
20/1/2016 0:00,0,0
21/1/2016 0:00,0,0
22/1/2016 0:00,10,0
23/1/2016 0:00,0,0
24/1/2016 0:00,0,0
25/1/2016 0:00,0,0
26/1/2016 0:00,0,0
27/1/2016 0:00,0,0
28/1/2016 0:00,14.5,0
29/1/2016 0:00,1.356875996,0
30/1/2016 0:00,0.143124004,0
31/1/2016 0:00,5.5,0
1/2/2016 0:00,0,0
2/2/2016 0:00,0,0
3/2/2016 0:00,0.5,0
4/2/2016 0:00,3,0
5/2/2016 0:00,1.5,0
6/2/2016 0:00,3.5,0
7/2/2016 0:00,0,0
8/2/2016 0:00,0,0
9/2/2016 0:00,0,0
10/2/2016 0:00,0,0
11/2/2016 0:00,0,0
12/2/2016 0:00,9,0
13/2/2016 0:00,0.5,0
14/2/2016 0:00,32.5,0
15/2/2016 0:00,0,0
16/2/2016 0:00,0,0
17/2/2016 0:00,0,0
18/2/2016 0:00,2,0
19/2/2016 0:00,0,0
20/2/2016 0:00,0,0
21/2/2016 0:00,0,0
22/2/2016 0:00,0,0
23/2/2016 0:00,0,0
24/2/2016 0:00,0,0
25/2/2016 0:00,0,0
26/2/2016 0:00,0,0
27/2/2016 0:00,0,0
28/2/2016 0:00,11,0
29/2/2016 0:00,0,0
1/3/2016 0:00,0,0
2/3/2016 0:00,0,0
3/3/2016 0:00,0,0
4/3/2016 0:00,0,0
5/3/2016 0:00,3,0
6/3/2016 0:00,1,0
7/3/2016 0:00,0,0
8/3/2016 0:00,0,0
9/3/2016 0:00,0,0
10/3/2016 0:00,1,0
11/3/2016 0:00,1,0
12/3/2016 0:00,0,0
13/3/2016 0:00,6,0
14/3/2016 0:00,0.5,0
15/3/2016 0:00,10,0
16/3/2016 0:00,5.5,0
17/3/2016 0:00,9,0
18/3/2016 0:00,37.5,0
19/3/2016 0:00,0,0
20/3/2016 0:00,35.5,0
21/3/2016 0:00,0,0
22/3/2016 0:00,59,0
23/3/2016 0:00,14.5,0
24/3/2016 0:00,7.5,0
25/3/2016 0:00,1,0
26/3/2016 0:00,0,0
27/3/2016 0:00,0,0
28/3/2016 0:00,0,0
29/3/2016 0:00,0,0
30/3/2016 0:00,0,0
31/3/2016 0:00,0.490697199,0
1/4/2016 0:00,19.5093028,0
2/4/2016 0:00,6.5,0
3/4/2016 0:00,0,0
4/4/2016 0:00,1.466058335,0
5/4/2016 0:00,9.533941665,0
6/4/2016 0:00,0,0
7/4/2016 0:00,3.902532489,0
8/4/2016 0:00,0.097467511,0
9/4/2016 0:00,4,0
10/4/2016 0:00,0,0
11/4/2016 0:00,0,0
12/4/2016 0:00,0,0
13/4/2016 0:00,0,0
14/4/2016 0:00,0,0
15/4/2016 0:00,3.990515788,0
16/4/2016 0:00,37.50948421,0
17/4/2016 0:00,2,0
18/4/2016 0:00,0,0
19/4/2016 0:00,0,0
20/4/2016 0:00,0,0
21/4/2016 0:00,66,0
22/4/2016 0:00,0,0
23/4/2016 0:00,17.5,0
24/4/2016 0:00,0,0
25/4/2016 0:00,17,0
26/4/2016 0:00,0.5,0
27/4/2016 0:00,17.5,0
28/4/2016 0:00,0,0
29/4/2016 0:00,9,0
30/4/2016 0:00,3,0
1/5/2016 0:00,0,0
2/5/2016 0:00,0,0
3/5/2016 0:00,0.5,0
4/5/2016 0:00,8,0
5/5/2016 0:00,13.5,0
6/5/2016 0:00,0.5,0
7/5/2016 0:00,31,0
8/5/2016 0:00,17,0
9/5/2016 0:00,0.5,0
10/5/2016 0:00,0.493928792,0
11/5/2016 0:00,24.00607121,0
12/5/2016 0:00,7.5,0
13/5/2016 0:00,31.5,0
14/5/2016 0:00,23,0
15/5/2016 0:00,14.14949943,0
16/5/2016 0:00,0.350500572,0
17/5/2016 0:00,0.388663968,0
18/5/2016 0:00,31.61133603,0
19/5/2016 0:00,0.5,0
20/5/2016 0:00,1.331334196,0
21/5/2016 0:00,8.668665804,0
22/5/2016 0:00,0,0
23/5/2016 0:00,0,0
24/5/2016 0:00,0,0
25/5/2016 0:00,47,0
26/5/2016 0:00,0,0
27/5/2016 0:00,11,0
28/5/2016 0:00,0,0
29/5/2016 0:00,5.137113847,0
30/5/2016 0:00,0.981077874,0
31/5/2016 0:00,12.88180828,0
1/6/2016 0:00,103.5,0
2/6/2016 0:00,9.5,0
3/6/2016 0:00,18.5,0
4/6/2016 0:00,0,0
5/6/2016 0:00,0,0
6/6/2016 0:00,0,0
7/6/2016 0:00,0.372150721,0
8/6/2016 0:00,26.12784928,0
9/6/2016 0:00,0,0
10/6/2016 0:00,0,0
11/6/2016 0:00,55.43693588,0
12/6/2016 0:00,16.06306412,0
13/6/2016 0:00,0,0
14/6/2016 0:00,0,0
15/6/2016 0:00,0.5,0
16/6/2016 0:00,4.368597237,0
17/6/2016 0:00,40.13140276,0
18/6/2016 0:00,0,0
19/6/2016 0:00,19.49234205,0
20/6/2016 0:00,0.007657945,0
21/6/2016 0:00,0,0
22/6/2016 0:00,0,0
23/6/2016 0:00,0,0
24/6/2016 0:00,0,0
25/6/2016 0:00,0,0
26/6/2016 0:00,0,0
27/6/2016 0:00,0,0
28/6/2016 0:00,0,0
29/6/2016 0:00,0,0
30/6/2016 0:00,2,0
1/7/2016 0:00,0,0
2/7/2016 0:00,0,0
3/7/2016 0:00,0,0
4/7/2016 0:00,0,0
5/7/2016 0:00,0.832893637,0
6/7/2016 0:00,14.16710636,0
7/7/2016 0:00,0.446034475,0
8/7/2016 0:00,3.553965525,0
9/7/2016 0:00,9,0
10/7/2016 0:00,0,0
11/7/2016 0:00,29,0
12/7/2016 0:00,4,0
13/7/2016 0:00,60.62274859,0
14/7/2016 0:00,13.37725141,0
15/7/2016 0:00,0,0
16/7/2016 0:00,9.5,0
17/7/2016 0:00,8.5,0
18/7/2016 0:00,2.5,0
19/7/2016 0:00,0,0
20/7/2016 0:00,66.5,0
21/7/2016 0:00,48.28983056,0
22/7/2016 0:00,23.21016944,0
23/7/2016 0:00,2.147664391,0
24/7/2016 0:00,1.352335609,0
25/7/2016 0:00,0,0
26/7/2016 0:00,6.5,0
27/7/2016 0:00,0,0
28/7/2016 0:00,0,0
29/7/2016 0:00,0,0
30/7/2016 0:00,30.5,0
31/7/2016 0:00,15,0
1/8/2016 0:00,0,0
2/8/2016 0:00,0,0
3/8/2016 0:00,0,0
4/8/2016 0:00,0,0
5/8/2016 0:00,0,0
6/8/2016 0:00,0,0
7/8/2016 0:00,0,0
8/8/2016 0:00,0,0
9/8/2016 0:00,7.5,0
10/8/2016 0:00,22.86848914,0
11/8/2016 0:00,0.563010317,0
12/8/2016 0:00,0.068500539,0
13/8/2016 0:00,0,0
14/8/2016 0:00,0,0
15/8/2016 0:00,0,0
16/8/2016 0:00,0,0
17/8/2016 0:00,0,0
18/8/2016 0:00,0,0
19/8/2016 0:00,0,0
20/8/2016 0:00,0,0
21/8/2016 0:00,0,0
22/8/2016 0:00,0,0
23/8/2016 0:00,2.805577689,0
24/8/2016 0:00,0.194422311,0
25/8/2016 0:00,0.5,0
26/8/2016 0:00,0,0
27/8/2016 0:00,0,0
28/8/2016 0:00,0,0
29/8/2016 0:00,0.336664913,0
30/8/2016 0:00,73.66333509,0
31/8/2016 0:00,21.28890741,0
1/9/2016 0:00,24.71109259,0
2/9/2016 0:00,0,0
3/9/2016 0:00,7.5,0
4/9/2016 0:00,18.5,0
5/9/2016 0:00,11.5,0
6/9/2016 0:00,0.391581008,0
7/9/2016 0:00,61.10841899,0
8/9/2016 0:00,2.066913362,0
9/9/2016 0:00,4.433086638,0
10/9/2016 0:00,0.383657266,0
11/9/2016 0:00,1.452960427,0
12/9/2016 0:00,3.163382307,0
13/9/2016 0:00,0,0
14/9/2016 0:00,1,0
15/9/2016 0:00,0.356113907,0
16/9/2016 0:00,30.14388609,0
17/9/2016 0:00,0,0
18/9/2016 0:00,4.5,0
19/9/2016 0:00,0,0
20/9/2016 0:00,0,0
21/9/2016 0:00,0.363663914,0
22/9/2016 0:00,0.136336086,0
23/9/2016 0:00,0,0
24/9/2016 0:00,0,0
25/9/2016 0:00,0,0
26/9/2016 0:00,0,0
27/9/2016 0:00,0,0
28/9/2016 0:00,0.42668563,0
29/9/2016 0:00,9.07331437,0
30/9/2016 0:00,4.5,0
1/10/2016 0:00,0,0
2/10/2016 0:00,0,0
3/10/2016 0:00,0,0
4/10/2016 0:00,0,0
5/10/2016 0:00,0,0
6/10/2016 0:00,0.355669721,0
7/10/2016 0:00,11.64433028,0
8/10/2016 0:00,0,0
9/10/2016 0:00,0,0
10/10/2016 0:00,0,0
11/10/2016 0:00,0,0
12/10/2016 0:00,0,0
13/10/2016 0:00,0,0
14/10/2016 0:00,0,0
15/10/2016 0:00,0,0
16/10/2016 0:00,22.99066798,0
17/10/2016 0:00,1.009332024,0
18/10/2016 0:00,1.5,0
19/10/2016 0:00,0,0
20/10/2016 0:00,0,0
21/10/2016 0:00,0.340989818,0
22/10/2016 0:00,0.159010182,0
23/10/2016 0:00,5.72310079,0
24/10/2016 0:00,3.77689921,0
25/10/2016 0:00,3.900811302,0
26/10/2016 0:00,0.957540281,0
27/10/2016 0:00,17.64164842,0
28/10/2016 0:00,0.5,0
29/10/2016 0:00,26.91031101,0
30/10/2016 0:00,2.05239914,0
31/10/2016 0:00,12.5038859,0
1/11/2016 0:00,0.53340395,0
2/11/2016 0:00,0.625192924,0
3/11/2016 0:00,13.87480708,0
4/11/2016 0:00,0,0
5/11/2016 0:00,0,0
6/11/2016 0:00,0,0
7/11/2016 0:00,10,0
8/11/2016 0:00,0,0
9/11/2016 0:00,33,0
10/11/2016 0:00,62,0
11/11/2016 0:00,23,0
12/11/2016 0:00,4.5,0
13/11/2016 0:00,4.5,0
14/11/2016 0:00,0,0
15/11/2016 0:00,0,0
16/11/2016 0:00,1.43314206,0
17/11/2016 0:00,8.56685794,0
18/11/2016 0:00,103.7149351,0
19/11/2016 0:00,4.785064935,0
20/11/2016 0:00,0,0
21/11/2016 0:00,0,0
22/11/2016 0:00,0,0
23/11/2016 0:00,3.797860349,0
24/11/2016 0:00,19.70213965,0
25/11/2016 0:00,0,0
26/11/2016 0:00,0.831645736,0
27/11/2016 0:00,17.16835426,0
28/11/2016 0:00,21.50058962,0
29/11/2016 0:00,7.999410377,0
30/11/2016 0:00,0,0
1/12/2016 0:00,7.515151515,0
2/12/2016 0:00,6.846368093,0
3/12/2016 0:00,45.13848039,0
4/12/2016 0:00,0.485985724,0
5/12/2016 0:00,0.514014276,0
6/12/2016 0:00,0,0
7/12/2016 0:00,0,0
8/12/2016 0:00,1.805554601,0
9/12/2016 0:00,2.194445399,0
10/12/2016 0:00,15,0
11/12/2016 0:00,0.777047944,0
12/12/2016 0:00,4.222952056,0
13/12/2016 0:00,5.5,0
14/12/2016 0:00,0,0
15/12/2016 0:00,0,0
16/12/2016 0:00,0,0
17/12/2016 0:00,0.393125759,0
18/12/2016 0:00,2.991462925,0
19/12/2016 0:00,13.25581693,0
20/12/2016 0:00,8.84160023,0
21/12/2016 0:00,3.101209226,0
22/12/2016 0:00,2.592525488,0
23/12/2016 0:00,3.965817169,0
24/12/2016 0:00,4.354690666,0
25/12/2016 0:00,4.527712406,0
26/12/2016 0:00,4.735107292,0
27/12/2016 0:00,4.284969534,0
28/12/2016 0:00,1.455962372,0
29/12/2016 0:00,0,0
30/12/2016 0:00,0,0
31/12/2016 0:00,0,0
1/1/2017 0:00,0,0
2/1/2017 0:00,0,0
3/1/2017 0:00,0,0
4/1/2017 0:00,0,0
5/1/2017 0:00,0,0
6/1/2017 0:00,0,0
7/1/2017 0:00,0,0
8/1/2017 0:00,0,0
9/1/2017 0:00,0,0
10/1/2017 0:00,0,0
11/1/2017 0:00,0,0
12/1/2017 0:00,0,0
13/1/2017 0:00,0,0
14/1/2017 0:00,0,0
15/1/2017 0:00,0,0
16/1/2017 0:00,0,0
17/1/2017 0:00,0,0
18/1/2017 0:00,0,0
19/1/2017 0:00,0,0
20/1/2017 0:00,0,0
21/1/2017 0:00,0,0
22/1/2017 0:00,0,0
23/1/2017 0:00,0,0
24/1/2017 0:00,0,0
25/1/2017 0:00,0,0
26/1/2017 0:00,0,0
27/1/2017 0:00,0,0
28/1/2017 0:00,0,0
29/1/2017 0:00,0,0
30/1/2017 0:00,0,0
31/1/2017 0:00,0,0
1/2/2017 0:00,0,0
2/2/2017 0:00,0,0
3/2/2017 0:00,0,0
4/2/2017 0:00,0,0
5/2/2017 0:00,0,0
6/2/2017 0:00,0,0
7/2/2017 0:00,0,0
8/2/2017 0:00,0,0
9/2/2017 0:00,0,0
10/2/2017 0:00,0,0
11/2/2017 0:00,0,0
12/2/2017 0:00,0,0
13/2/2017 0:00,0,0
14/2/2017 0:00,0,0
15/2/2017 0:00,0,0
16/2/2017 0:00,0,0
17/2/2017 0:00,0,0
18/2/2017 0:00,0,0
19/2/2017 0:00,0,0
20/2/2017 0:00,15.5,0
21/2/2017 0:00,0.467859057,0
22/2/2017 0:00,6.532140943,0
23/2/2017 0:00,18.29038855,0
24/2/2017 0:00,33.20961145,0
25/2/2017 0:00,34.71830986,0
26/2/2017 0:00,18.99591567,0
27/2/2017 0:00,22.28577447,0
28/2/2017 0:00,6.5,0
1/3/2017 0:00,2.5,0
2/3/2017 0:00,3.5,0
3/3/2017 0:00,19,0
4/3/2017 0:00,0,0
5/3/2017 0:00,68.5,0
6/3/2017 0:00,0,0
7/3/2017 0:00,0,0
8/3/2017 0:00,3.746831394,0
9/3/2017 0:00,0.253168606,0
10/3/2017 0:00,26,0
11/3/2017 0:00,10.5,0
12/3/2017 0:00,5.5,0
13/3/2017 0:00,0,0
14/3/2017 0:00,0.5,0
15/3/2017 0:00,0.663947798,0
16/3/2017 0:00,113.8360522,0
17/3/2017 0:00,39.5,0
18/3/2017 0:00,22.5,0
19/3/2017 0:00,66.78288996,0
20/3/2017 0:00,22.21711004,0
21/3/2017 0:00,0,0
22/3/2017 0:00,14.5,0
23/3/2017 0:00,0,0
24/3/2017 0:00,7,0
25/3/2017 0:00,0,0
26/3/2017 0:00,2.5,0
27/3/2017 0:00,1.715506461,0
28/3/2017 0:00,14.78449354,0
29/3/2017 0:00,1,0
30/3/2017 0:00,1.5,0
31/3/2017 0:00,22.5,0
1/4/2017 0:00,42.57093489,0
2/4/2017 0:00,5.429065115,0
3/4/2017 0:00,3,0
4/4/2017 0:00,0.398538691,0
5/4/2017 0:00,5.601461309,0
6/4/2017 0:00,0,0
7/4/2017 0:00,1,0
8/4/2017 0:00,7,0
9/4/2017 0:00,46.5,0
10/4/2017 0:00,0,0
11/4/2017 0:00,75,0
12/4/2017 0:00,3.5,0
13/4/2017 0:00,15.93661824,0
14/4/2017 0:00,1.063381765,0
15/4/2017 0:00,12,0
16/4/2017 0:00,0,0
17/4/2017 0:00,2,0
18/4/2017 0:00,17.5,0
19/4/2017 0:00,52,0
20/4/2017 0:00,70.77391062,0
21/4/2017 0:00,2.68545616,0
22/4/2017 0:00,20.54063322,0
23/4/2017 0:00,0,0
24/4/2017 0:00,1,0
25/4/2017 0:00,116.5,0
26/4/2017 0:00,20.5,0
27/4/2017 0:00,0,0
28/4/2017 0:00,1.5,0
29/4/2017 0:00,0.466291043,0
30/4/2017 0:00,0.033708957,0
1/5/2017 0:00,32,0
2/5/2017 0:00,4.5,0
3/5/2017 0:00,0.368385372,0
4/5/2017 0:00,4.131614628,0
5/5/2017 0:00,24,0
6/5/2017 0:00,8.5,0
7/5/2017 0:00,10,0
8/5/2017 0:00,0,0
9/5/2017 0:00,11.5,0
10/5/2017 0:00,0,0
11/5/2017 0:00,0,0
12/5/2017 0:00,2,0
13/5/2017 0:00,5,0
14/5/2017 0:00,0.5,0
15/5/2017 0:00,0,0
16/5/2017 0:00,0,0
17/5/2017 0:00,0,0
18/5/2017 0:00,0,0
19/5/2017 0:00,0.390932537,0
20/5/2017 0:00,16.60906746,0
21/5/2017 0:00,0,0
22/5/2017 0:00,18,0
23/5/2017 0:00,0,0
24/5/2017 0:00,0,0
25/5/2017 0:00,61,0
26/5/2017 0:00,0,0
27/5/2017 0:00,22,0
28/5/2017 0:00,6,0
29/5/2017 0:00,4,0
30/5/2017 0:00,30,0
31/5/2017 0:00,0,0
1/6/2017 0:00,0.401785714,0
2/6/2017 0:00,8.598214286,0
3/6/2017 0:00,0.458263056,0
4/6/2017 0:00,11.54173694,0
5/6/2017 0:00,0,0
6/6/2017 0:00,0,0
7/6/2017 0:00,0,0
8/6/2017 0:00,0,0
9/6/2017 0:00,0.5,0
10/6/2017 0:00,0,0
11/6/2017 0:00,0,0
12/6/2017 0:00,38,0
13/6/2017 0:00,0,0
14/6/2017 0:00,0,0
15/6/2017 0:00,0.5,0
16/6/2017 0:00,29,0
17/6/2017 0:00,15.5,0
18/6/2017 0:00,0,0
19/6/2017 0:00,0.396776193,0
20/6/2017 0:00,5.103223807,0
21/6/2017 0:00,0.654070419,0
22/6/2017 0:00,1.345929581,0
23/6/2017 0:00,0,0
24/6/2017 0:00,0.345688496,0
25/6/2017 0:00,21.5829531,0
26/6/2017 0:00,56.22209656,0
27/6/2017 0:00,2.849261849,0
28/6/2017 0:00,0,0
29/6/2017 0:00,0,0
30/6/2017 0:00,0,0
1/7/2017 0:00,0,0
2/7/2017 0:00,0.38680563,0
3/7/2017 0:00,2.11319437,0
4/7/2017 0:00,39.5,0
5/7/2017 0:00,0,0
6/7/2017 0:00,0,0
7/7/2017 0:00,2,0
8/7/2017 0:00,0,0
9/7/2017 0:00,0,0
10/7/2017 0:00,11.95238196,0
11/7/2017 0:00,9.466966888,0
12/7/2017 0:00,0.080651156,0
13/7/2017 0:00,6.170921362,0
14/7/2017 0:00,0.746403413,0
15/7/2017 0:00,21.58267523,0
16/7/2017 0:00,0,0
17/7/2017 0:00,0,0
18/7/2017 0:00,0,0
19/7/2017 0:00,0,0
20/7/2017 0:00,20,0
21/7/2017 0:00,0,0
22/7/2017 0:00,0,0
23/7/2017 0:00,0,0
24/7/2017 0:00,19.5,0
25/7/2017 0:00,1,0
26/7/2017 0:00,0,0
27/7/2017 0:00,0,0
28/7/2017 0:00,0,0
29/7/2017 0:00,0,0
30/7/2017 0:00,5.828024334,0
31/7/2017 0:00,3.171975666,0
1/8/2017 0:00,0.368691912,0
2/8/2017 0:00,4.987867292,0
3/8/2017 0:00,21.6434408,0
4/8/2017 0:00,15,0
5/8/2017 0:00,0,0
6/8/2017 0:00,0,0
7/8/2017 0:00,0,0
8/8/2017 0:00,1.5,0
9/8/2017 0:00,0,0
10/8/2017 0:00,35.19768889,0
11/8/2017 0:00,66.30231111,0
12/8/2017 0:00,0,0
13/8/2017 0:00,15.5,0
14/8/2017 0:00,18.29935035,0
15/8/2017 0:00,12.20064965,0
16/8/2017 0:00,0.5,0
17/8/2017 0:00,0,0
18/8/2017 0:00,30.5,0
19/8/2017 0:00,0,0
20/8/2017 0:00,22.76105525,0
21/8/2017 0:00,60.23894475,0
22/8/2017 0:00,0,0
23/8/2017 0:00,0,0
24/8/2017 0:00,0,0
25/8/2017 0:00,0.360676268,0
26/8/2017 0:00,24.46802337,0
27/8/2017 0:00,0.171300359,0
28/8/2017 0:00,0,0
29/8/2017 0:00,6.5,0
30/8/2017 0:00,0,0
31/8/2017 0:00,5,0
1/9/2017 0:00,20,0
2/9/2017 0:00,0.377908121,0
3/9/2017 0:00,0.122091879,0
4/9/2017 0:00,0,0
5/9/2017 0:00,58.65535652,0
6/9/2017 0:00,1.283718891,0
7/9/2017 0:00,9.560924588,0
8/9/2017 0:00,9,0
9/9/2017 0:00,15.18678995,0
10/9/2017 0:00,4.313210054,0
11/9/2017 0:00,4.5,0
12/9/2017 0:00,0,0
13/9/2017 0:00,0,0
14/9/2017 0:00,4.256121979,0
15/9/2017 0:00,1.881915725,0
16/9/2017 0:00,0.361962296,0
17/9/2017 0:00,6.5,0
18/9/2017 0:00,6.5,0
19/9/2017 0:00,3,0
20/9/2017 0:00,19.5,0
21/9/2017 0:00,0,0
22/9/2017 0:00,0,0
23/9/2017 0:00,0,0
24/9/2017 0:00,0,0
25/9/2017 0:00,0,0
26/9/2017 0:00,0,0
27/9/2017 0:00,0,0
28/9/2017 0:00,5,0
29/9/2017 0:00,0,0
30/9/2017 0:00,0,0
1/10/2017 0:00,16.95454545,0
2/10/2017 0:00,31.04545455,0
3/10/2017 0:00,0,0
4/10/2017 0:00,5.5,0
5/10/2017 0:00,0,0
6/10/2017 0:00,5.885582053,0
7/10/2017 0:00,6.114417947,0
8/10/2017 0:00,13,0
9/10/2017 0:00,0,0
10/10/2017 0:00,13.3048538,0
11/10/2017 0:00,5.195146197,0
12/10/2017 0:00,54.5,0
13/10/2017 0:00,3,0
14/10/2017 0:00,0,0
15/10/2017 0:00,0,0
16/10/2017 0:00,2.5,0
17/10/2017 0:00,0,0
18/10/2017 0:00,0,0
19/10/2017 0:00,0,0
20/10/2017 0:00,0,0
21/10/2017 0:00,0,0
22/10/2017 0:00,0.5,0
23/10/2017 0:00,0,0
24/10/2017 0:00,40,0
25/10/2017 0:00,0,0
26/10/2017 0:00,9.271754453,0
27/10/2017 0:00,27.22824555,0
28/10/2017 0:00,0,0
29/10/2017 0:00,3,0
30/10/2017 0:00,25.34898852,0
31/10/2017 0:00,19.53772881,0
1/11/2017 0:00,5.113282666,0
2/11/2017 0:00,0.5,0
3/11/2017 0:00,0.5,0
4/11/2017 0:00,19.36797401,0
5/11/2017 0:00,4.632025994,0
6/11/2017 0:00,3.327677089,0
7/11/2017 0:00,31.02745426,0
8/11/2017 0:00,12.14486865,0
9/11/2017 0:00,50.5,0
10/11/2017 0:00,67.16407081,0
11/11/2017 0:00,0.83592919,0
12/11/2017 0:00,2,0
13/11/2017 0:00,0.393034554,0
14/11/2017 0:00,70.10696545,0
15/11/2017 0:00,1.895890261,0
16/11/2017 0:00,34.10410974,0
17/11/2017 0:00,4.5,0
18/11/2017 0:00,42.5,0
19/11/2017 0:00,0,0
20/11/2017 0:00,0,0
21/11/2017 0:00,37,0
22/11/2017 0:00,0,0
23/11/2017 0:00,38.5,0
24/11/2017 0:00,12,0
25/11/2017 0:00,21,0
26/11/2017 0:00,8.363591667,0
27/11/2017 0:00,0.136408333,0
28/11/2017 0:00,0,0
29/11/2017 0:00,4.915166674,0
30/11/2017 0:00,8.853119736,0
1/12/2017 0:00,0.23171359,0
2/12/2017 0:00,29,0
3/12/2017 0:00,24.47947761,0
4/12/2017 0:00,0.520522388,0
5/12/2017 0:00,0.5,0
6/12/2017 0:00,0,0
7/12/2017 0:00,19,0
8/12/2017 0:00,0,0
9/12/2017 0:00,0,0
10/12/2017 0:00,2.456530308,0
11/12/2017 0:00,11.04346969,0
12/12/2017 0:00,0.5,0
13/12/2017 0:00,0.428718162,0
14/12/2017 0:00,0.571281838,0
15/12/2017 0:00,2.5,0
16/12/2017 0:00,28,0
17/12/2017 0:00,0,0
18/12/2017 0:00,1.5,0
19/12/2017 0:00,0,0
20/12/2017 0:00,0,0
21/12/2017 0:00,0.5,0
22/12/2017 0:00,1,0
23/12/2017 0:00,0,0
24/12/2017 0:00,18,0
25/12/2017 0:00,2.952482486,0
26/12/2017 0:00,1.547517514,0
27/12/2017 0:00,0,0
28/12/2017 0:00,23,0
29/12/2017 0:00,0.346549546,0
30/12/2017 0:00,2.39245473,0
31/12/2017 0:00,1.260995724,0
1/1/2018 0:00,2.5,0
2/1/2018 0:00,0,0
3/1/2018 0:00,0,0
4/1/2018 0:00,6.5,0
5/1/2018 0:00,87.5,0
6/1/2018 0:00,0,0
7/1/2018 0:00,0,0
8/1/2018 0:00,0,0
9/1/2018 0:00,32.48987718,0
10/1/2018 0:00,23.79027974,0
11/1/2018 0:00,14.15913769,0
12/1/2018 0:00,16.95046756,0
13/1/2018 0:00,2.110237832,0
14/1/2018 0:00,0,0
15/1/2018 0:00,0,0
16/1/2018 0:00,0,0
17/1/2018 0:00,3.542735043,0
18/1/2018 0:00,38.88427243,0
19/1/2018 0:00,2.506819678,0
20/1/2018 0:00,2.566172849,0
21/1/2018 0:00,0,0
22/1/2018 0:00,1.5,0
23/1/2018 0:00,35,0
24/1/2018 0:00,48.5,0
25/1/2018 0:00,0.5,0
26/1/2018 0:00,5,0
27/1/2018 0:00,0,0
28/1/2018 0:00,12.5,0
29/1/2018 0:00,1.5,0
30/1/2018 0:00,0,0
31/1/2018 0:00,42.93844367,0
1/2/2018 0:00,1.56155633,0
2/2/2018 0:00,0,0
3/2/2018 0:00,0,0
4/2/2018 0:00,0,0
5/2/2018 0:00,0,0
6/2/2018 0:00,0,0
7/2/2018 0:00,0,0
8/2/2018 0:00,108,0
9/2/2018 0:00,11,0
10/2/2018 0:00,1,0
11/2/2018 0:00,0,0
12/2/2018 0:00,0,0
13/2/2018 0:00,0,0
14/2/2018 0:00,0,0
15/2/2018 0:00,0,0
16/2/2018 0:00,0,0
17/2/2018 0:00,3,0
18/2/2018 0:00,5,0
19/2/2018 0:00,0,0
20/2/2018 0:00,0,0
21/2/2018 0:00,0,0
22/2/2018 0:00,0,0
23/2/2018 0:00,3.5,0
24/2/2018 0:00,0,0
25/2/2018 0:00,0,0
26/2/2018 0:00,0,0
27/2/2018 0:00,0,0
28/2/2018 0:00,1,0
1/3/2018 0:00,78,0
2/3/2018 0:00,2.5,0
3/3/2018 0:00,12,0
4/3/2018 0:00,16.97794118,0
5/3/2018 0:00,44.52205882,0
6/3/2018 0:00,5,0
7/3/2018 0:00,5.5,0
8/3/2018 0:00,0,0
9/3/2018 0:00,0.367454738,0
10/3/2018 0:00,1.632545262,0
11/3/2018 0:00,0,0
12/3/2018 0:00,0,0
13/3/2018 0:00,0,0
14/3/2018 0:00,0,0
15/3/2018 0:00,21.5,0
16/3/2018 0:00,42.5,0
17/3/2018 0:00,0,0
18/3/2018 0:00,0,0
19/3/2018 0:00,0,0
20/3/2018 0:00,22.5,0
21/3/2018 0:00,0,0
22/3/2018 0:00,0,0
23/3/2018 0:00,0,0
24/3/2018 0:00,0,0
25/3/2018 0:00,12.5,0
26/3/2018 0:00,6.45545657,0
27/3/2018 0:00,19.54454343,0
28/3/2018 0:00,28,0
29/3/2018 0:00,11.58787456,0
30/3/2018 0:00,0.318993399,0
31/3/2018 0:00,4.093132043,0
1/4/2018 0:00,0.5,0
2/4/2018 0:00,0,0
3/4/2018 0:00,7,0
4/4/2018 0:00,0,0
5/4/2018 0:00,0,0
6/4/2018 0:00,1.796955165,0
7/4/2018 0:00,9.703044835,0
8/4/2018 0:00,0,0
9/4/2018 0:00,0,0
10/4/2018 0:00,0,0
11/4/2018 0:00,0,0
12/4/2018 0:00,0,0
13/4/2018 0:00,0.5,0
14/4/2018 0:00,0,0
15/4/2018 0:00,4,0
16/4/2018 0:00,18,0
17/4/2018 0:00,0.5,0
18/4/2018 0:00,11.5,0
19/4/2018 0:00,7,0
20/4/2018 0:00,6.5,0
21/4/2018 0:00,51.75528225,0
22/4/2018 0:00,0.244717752,0
23/4/2018 0:00,49.28807198,0
24/4/2018 0:00,0.211928023,0
25/4/2018 0:00,0.468247,0
26/4/2018 0:00,5.531753,0
27/4/2018 0:00,0,0
28/4/2018 0:00,2.5,0
29/4/2018 0:00,0,0
30/4/2018 0:00,8,0
1/5/2018 0:00,69.5,0
2/5/2018 0:00,2.74305987,0
3/5/2018 0:00,0.25694013,0
4/5/2018 0:00,0,0
5/5/2018 0:00,3,0
6/5/2018 0:00,27.15388644,0
7/5/2018 0:00,24.34611356,0
8/5/2018 0:00,0,0
9/5/2018 0:00,0.497779007,0
10/5/2018 0:00,5.584607357,0
11/5/2018 0:00,2.417613636,0
12/5/2018 0:00,1.864193637,0
13/5/2018 0:00,4.135806363,0
14/5/2018 0:00,0,0
15/5/2018 0:00,0,0
16/5/2018 0:00,8.879991056,0
17/5/2018 0:00,49.12000894,0
18/5/2018 0:00,0,0
19/5/2018 0:00,33.89791612,0
20/5/2018 0:00,4.602083883,0
21/5/2018 0:00,0,0
22/5/2018 0:00,3,0
23/5/2018 0:00,55.5,0
24/5/2018 0:00,27,0
25/5/2018 0:00,0,0
26/5/2018 0:00,27,0
27/5/2018 0:00,1,0
28/5/2018 0:00,0,0
29/5/2018 0:00,8.5,0
30/5/2018 0:00,11,0
31/5/2018 0:00,65.5,0
1/6/2018 0:00,0.5,0
2/6/2018 0:00,0.5,0
3/6/2018 0:00,0,0
4/6/2018 0:00,7,0
5/6/2018 0:00,0,0
6/6/2018 0:00,0,0
7/6/2018 0:00,0,0
8/6/2018 0:00,0,0
9/6/2018 0:00,0,0
10/6/2018 0:00,0,0
11/6/2018 0:00,0,0
12/6/2018 0:00,0,0
13/6/2018 0:00,0,0
14/6/2018 0:00,0.410431808,0
15/6/2018 0:00,10.58956819,0
16/6/2018 0:00,0.355077735,0
17/6/2018 0:00,22.53001296,0
18/6/2018 0:00,0.552652498,0
19/6/2018 0:00,0.412030307,0
20/6/2018 0:00,13.1502265,0
21/6/2018 0:00,32.08067441,0
22/6/2018 0:00,46.66219077,0
23/6/2018 0:00,119.7571348,0
24/6/2018 0:00,3.5,0
25/6/2018 0:00,4,0
26/6/2018 0:00,0,0
27/6/2018 0:00,0,0
28/6/2018 0:00,0.341054427,0
29/6/2018 0:00,2.158945573,0
30/6/2018 0:00,0,0
1/7/2018 0:00,0.396984024,0
2/7/2018 0:00,48.10301598,0
3/7/2018 0:00,6,0
4/7/2018 0:00,0,0
5/7/2018 0:00,0.381861575,0
6/7/2018 0:00,7.618138425,0
7/7/2018 0:00,17,0
8/7/2018 0:00,1.5,0
9/7/2018 0:00,13.5,0
10/7/2018 0:00,14.5,0
11/7/2018 0:00,0,0
12/7/2018 0:00,0,0
13/7/2018 0:00,0,0
14/7/2018 0:00,0,0
15/7/2018 0:00,0,0
16/7/2018 0:00,0,0
17/7/2018 0:00,0,0
18/7/2018 0:00,0,0
19/7/2018 0:00,0,0
20/7/2018 0:00,0,0
21/7/2018 0:00,0,0
22/7/2018 0:00,0,0
23/7/2018 0:00,10.5,0
24/7/2018 0:00,38,0
25/7/2018 0:00,0,0
26/7/2018 0:00,0,0
27/7/2018 0:00,7.5,0
28/7/2018 0:00,9,0
29/7/2018 0:00,0.367253252,0
30/7/2018 0:00,12.63274675,0
31/7/2018 0:00,1.458080606,0
1/8/2018 0:00,14.00479627,0
2/8/2018 0:00,1.03712312,0
3/8/2018 0:00,0,0
4/8/2018 0:00,0,0
5/8/2018 0:00,0,0
6/8/2018 0:00,0,0
7/8/2018 0:00,0,0
8/8/2018 0:00,0,0
9/8/2018 0:00,0,0
10/8/2018 0:00,0,0
11/8/2018 0:00,0,0
12/8/2018 0:00,0,0
13/8/2018 0:00,0,0
14/8/2018 0:00,0,0
15/8/2018 0:00,0,0
16/8/2018 0:00,0,0
17/8/2018 0:00,0,0
18/8/2018 0:00,15,0
19/8/2018 0:00,0,0
20/8/2018 0:00,0,0
21/8/2018 0:00,50,0
22/8/2018 0:00,2.843935373,0
23/8/2018 0:00,2.656064627,0
24/8/2018 0:00,0,0
25/8/2018 0:00,0,0
26/8/2018 0:00,0,0
27/8/2018 0:00,0,0
28/8/2018 0:00,0.453386228,0
29/8/2018 0:00,4.534274846,0
30/8/2018 0:00,0.012338925,0
31/8/2018 0:00,0.5,0
1/9/2018 0:00,0,0
2/9/2018 0:00,2.5,0
3/9/2018 0:00,0,0
4/9/2018 0:00,7.5,0
5/9/2018 0:00,23.5,0
6/9/2018 0:00,25.5,0
7/9/2018 0:00,11,0
8/9/2018 0:00,21.5,0
9/9/2018 0:00,0,0
10/9/2018 0:00,37.5,0
11/9/2018 0:00,0,0
12/9/2018 0:00,13,0
13/9/2018 0:00,9.5,0
14/9/2018 0:00,2.5,0
15/9/2018 0:00,0,0
16/9/2018 0:00,39.5,0
17/9/2018 0:00,2,0
18/9/2018 0:00,2,0
19/9/2018 0:00,25,0
20/9/2018 0:00,5,0
21/9/2018 0:00,13,0
22/9/2018 0:00,0,0
23/9/2018 0:00,0,0
24/9/2018 0:00,0,0
25/9/2018 0:00,0.5,0
26/9/2018 0:00,87,0
27/9/2018 0:00,11,0
28/9/2018 0:00,0,0
29/9/2018 0:00,0,0
30/9/2018 0:00,0,0
1/10/2018 0:00,0,0
2/10/2018 0:00,1.5,0
3/10/2018 0:00,11,0
4/10/2018 0:00,3.5,0
5/10/2018 0:00,0,0
6/10/2018 0:00,0,0
7/10/2018 0:00,3,0
8/10/2018 0:00,24,0
9/10/2018 0:00,46.5,0
10/10/2018 0:00,20.5,0
11/10/2018 0:00,2.457816377,0
12/10/2018 0:00,66.54218362,0
13/10/2018 0:00,35.87713727,0
14/10/2018 0:00,3.108373271,0
15/10/2018 0:00,58.01448946,0
16/10/2018 0:00,1.37304046,0
17/10/2018 0:00,10.12695954,0
18/10/2018 0:00,4.5,0
19/10/2018 0:00,0,0
20/10/2018 0:00,0,0
21/10/2018 0:00,0,0
22/10/2018 0:00,0.957162612,0
23/10/2018 0:00,11.54283739,0
24/10/2018 0:00,0,0
25/10/2018 0:00,17.97773791,0
26/10/2018 0:00,0.022262092,0
27/10/2018 0:00,4.5,0
28/10/2018 0:00,4.5,0
29/10/2018 0:00,2,0
30/10/2018 0:00,5,0
31/10/2018 0:00,0,0
1/11/2018 0:00,14.1620438,0
2/11/2018 0:00,35.3379562,0
3/11/2018 0:00,10,0
4/11/2018 0:00,0.5,0
5/11/2018 0:00,39.5,0
6/11/2018 0:00,0,0
7/11/2018 0:00,4.692264075,0
8/11/2018 0:00,8.307735925,0
9/11/2018 0:00,34.5,0
10/11/2018 0:00,30,0
11/11/2018 0:00,55.5,0
12/11/2018 0:00,2.443363319,0
13/11/2018 0:00,5.556636681,0
14/11/2018 0:00,0,0
15/11/2018 0:00,12.5,0
16/11/2018 0:00,0,0
17/11/2018 0:00,0.5,0
18/11/2018 0:00,0.395968817,0
19/11/2018 0:00,7.104031183,0
20/11/2018 0:00,0,0
21/11/2018 0:00,0,0
22/11/2018 0:00,3.5,0
23/11/2018 0:00,0,0
24/11/2018 0:00,0,0
25/11/2018 0:00,1.5,0
26/11/2018 0:00,0.360789226,0
27/11/2018 0:00,6.139210774,0
28/11/2018 0:00,4,0
29/11/2018 0:00,13.5,0
30/11/2018 0:00,3.5,0
1/12/2018 0:00,1.5,0
2/12/2018 0:00,9.5,0
3/12/2018 0:00,4,0
4/12/2018 0:00,21,0
5/12/2018 0:00,4.5,0
6/12/2018 0:00,11.5,0
7/12/2018 0:00,2.5,0
8/12/2018 0:00,2.804409404,0
9/12/2018 0:00,36.6955906,0
10/12/2018 0:00,5,0
11/12/2018 0:00,1.5,0
12/12/2018 0:00,2.204046076,0
13/12/2018 0:00,1.795953924,0
14/12/2018 0:00,13.77953368,0
15/12/2018 0:00,0.220466321,0
16/12/2018 0:00,16.40609319,0
17/12/2018 0:00,5.09390681,0
18/12/2018 0:00,1,0
19/12/2018 0:00,8,0
20/12/2018 0:00,0,0
21/12/2018 0:00,0,0
22/12/2018 0:00,4.5,0
23/12/2018 0:00,34.5,0
24/12/2018 0:00,0,0
25/12/2018 0:00,0.376914016,0
26/12/2018 0:00,6.999928463,0
27/12/2018 0:00,1.623157521,0
28/12/2018 0:00,0,0
29/12/2018 0:00,0,0
30/12/2018 0:00,0,0
31/12/2018 0:00,6.5,0
1/1/2019 0:00,1.573165111,0
2/1/2019 0:00,18.42683489,0
3/1/2019 0:00,0,0
4/1/2019 0:00,0,0
5/1/2019 0:00,14,0
6/1/2019 0:00,0,0
7/1/2019 0:00,0,0
8/1/2019 0:00,0,0
9/1/2019 0:00,0,0
10/1/2019 0:00,5,0
11/1/2019 0:00,0,0
12/1/2019 0:00,2,0
13/1/2019 0:00,3.5,0
14/1/2019 0:00,0,0
15/1/2019 0:00,0,0
16/1/2019 0:00,0,0
17/1/2019 0:00,7.5,0
18/1/2019 0:00,0,0
19/1/2019 0:00,0,0
20/1/2019 0:00,0,0
21/1/2019 0:00,1.286299223,0
22/1/2019 0:00,25.71370078,0
23/1/2019 0:00,0,0
24/1/2019 0:00,0,0
25/1/2019 0:00,0,0
26/1/2019 0:00,0,0
27/1/2019 0:00,0,0
28/1/2019 0:00,0,0
29/1/2019 0:00,0.963650425,0
30/1/2019 0:00,1.036349575,0
31/1/2019 0:00,0,0
1/2/2019 0:00,0.5,0
2/2/2019 0:00,0,0
3/2/2019 0:00,3,0
4/2/2019 0:00,30.5,0
5/2/2019 0:00,0,0
6/2/2019 0:00,0,0
7/2/2019 0:00,21.5,0
8/2/2019 0:00,36,0
9/2/2019 0:00,0,0
10/2/2019 0:00,0,0
11/2/2019 0:00,0,0
12/2/2019 0:00,0,0
13/2/2019 0:00,0,0
14/2/2019 0:00,0,0
15/2/2019 0:00,0,0
16/2/2019 0:00,4,0
17/2/2019 0:00,5.808558482,0
18/2/2019 0:00,3.677451845,0
19/2/2019 0:00,6.513989672,0
20/2/2019 0:00,1.5,0
21/2/2019 0:00,0,0
22/2/2019 0:00,0,0
23/2/2019 0:00,0,0
24/2/2019 0:00,28.5,0
25/2/2019 0:00,0,0
26/2/2019 0:00,0,0
27/2/2019 0:00,0,0
28/2/2019 0:00,9,0
1/3/2019 0:00,0,0
2/3/2019 0:00,0,0
3/3/2019 0:00,1,0
4/3/2019 0:00,3,0
5/3/2019 0:00,1,0
6/3/2019 0:00,0,0
7/3/2019 0:00,14,0
8/3/2019 0:00,2,0
9/3/2019 0:00,0,0
10/3/2019 0:00,0,0
11/3/2019 0:00,20.77642353,0
12/3/2019 0:00,11.72357647,0
13/3/2019 0:00,0,0
14/3/2019 0:00,0,0
15/3/2019 0:00,0,0
16/3/2019 0:00,0,0
17/3/2019 0:00,0,0
18/3/2019 0:00,0,0
19/3/2019 0:00,0,0
20/3/2019 0:00,0,0
21/3/2019 0:00,9.5,0
22/3/2019 0:00,0,0
23/3/2019 0:00,0,0
24/3/2019 0:00,0,0
25/3/2019 0:00,35,0
26/3/2019 0:00,13.5,0
27/3/2019 0:00,11.5,0
28/3/2019 0:00,116.5,0
29/3/2019 0:00,0,0
30/3/2019 0:00,0.445930881,0
31/3/2019 0:00,75.05406912,0
1/4/2019 0:00,0.5,0
2/4/2019 0:00,13,0
3/4/2019 0:00,0.5,0
4/4/2019 0:00,50.5,0
5/4/2019 0:00,16,0
6/4/2019 0:00,3.5,0
7/4/2019 0:00,2,0
8/4/2019 0:00,5.5,0
9/4/2019 0:00,1,0
10/4/2019 0:00,0,0
11/4/2019 0:00,0,0
12/4/2019 0:00,4.5,0
13/4/2019 0:00,35,0
14/4/2019 0:00,3.5,0
15/4/2019 0:00,0.5,0
16/4/2019 0:00,46,0
17/4/2019 0:00,0,0
18/4/2019 0:00,0,0
19/4/2019 0:00,0,0
20/4/2019 0:00,12,0
21/4/2019 0:00,0,0
22/4/2019 0:00,6.5,0
23/4/2019 0:00,0.496954429,0
24/4/2019 0:00,16.00304557,0
25/4/2019 0:00,39,0
26/4/2019 0:00,19.34688573,0
27/4/2019 0:00,44.15311427,0
28/4/2019 0:00,0.474488031,0
29/4/2019 0:00,5.525511969,0
30/4/2019 0:00,17.5,0
1/5/2019 0:00,0,0
2/5/2019 0:00,0,0
3/5/2019 0:00,0,0
4/5/2019 0:00,25.5,0
5/5/2019 0:00,0,0
6/5/2019 0:00,3,0
7/5/2019 0:00,8.5,0
8/5/2019 0:00,0,0
9/5/2019 0:00,0,0
10/5/2019 0:00,0,0
11/5/2019 0:00,0,0
12/5/2019 0:00,0,0
13/5/2019 0:00,0,0
14/5/2019 0:00,8,0
15/5/2019 0:00,0.813594631,0
16/5/2019 0:00,2.686405369,0
17/5/2019 0:00,0,0
18/5/2019 0:00,52.5,0
19/5/2019 0:00,10,0
20/5/2019 0:00,48.5,0
21/5/2019 0:00,14,0
22/5/2019 0:00,8.5,0
23/5/2019 0:00,1.5,0
24/5/2019 0:00,8.5,0
25/5/2019 0:00,0,0
26/5/2019 0:00,11,0
27/5/2019 0:00,19,0
28/5/2019 0:00,6.5,0
29/5/2019 0:00,4.5,0
30/5/2019 0:00,26,0
31/5/2019 0:00,26,0
1/6/2019 0:00,0,0
2/6/2019 0:00,56,0
3/6/2019 0:00,8.5,0
4/6/2019 0:00,45,0
5/6/2019 0:00,30.5,0
6/6/2019 0:00,34,0
7/6/2019 0:00,17.5,0
8/6/2019 0:00,9.5,0
9/6/2019 0:00,0,0
10/6/2019 0:00,0,0
11/6/2019 0:00,34,0
12/6/2019 0:00,0,0
13/6/2019 0:00,0,0
14/6/2019 0:00,0.44864006,0
15/6/2019 0:00,58.55135994,0
16/6/2019 0:00,0,0
17/6/2019 0:00,0,0
18/6/2019 0:00,0,0
19/6/2019 0:00,0,0
20/6/2019 0:00,30.5,0
21/6/2019 0:00,13.19371361,0
22/6/2019 0:00,58.80628639,0
23/6/2019 0:00,7,0
24/6/2019 0:00,0,0
25/6/2019 0:00,2.846170485,0
26/6/2019 0:00,1.153829515,0
27/6/2019 0:00,0,0
28/6/2019 0:00,3,0
29/6/2019 0:00,34,0
30/6/2019 0:00,0,0
1/7/2019 0:00,3.5,0
2/7/2019 0:00,0,0
3/7/2019 0:00,27.5,0
4/7/2019 0:00,31,0
5/7/2019 0:00,0,0
6/7/2019 0:00,13.71757817,0
7/7/2019 0:00,6.282421826,0
8/7/2019 0:00,24.79915156,0
9/7/2019 0:00,0.200848438,0
10/7/2019 0:00,0,0
11/7/2019 0:00,0,0
12/7/2019 0:00,0,0
13/7/2019 0:00,0,0
14/7/2019 0:00,0.5,0
15/7/2019 0:00,0,0
16/7/2019 0:00,18.5,0
17/7/2019 0:00,0,0
18/7/2019 0:00,0,0
19/7/2019 0:00,0,0
20/7/2019 0:00,0,0
21/7/2019 0:00,0,0
22/7/2019 0:00,3.5,0
23/7/2019 0:00,1,0
24/7/2019 0:00,25,0
25/7/2019 0:00,5.5,0
26/7/2019 0:00,0,0
27/7/2019 0:00,0.792247123,0
28/7/2019 0:00,0.207752877,0
29/7/2019 0:00,0,0
30/7/2019 0:00,0,0
31/7/2019 0:00,0,0
1/8/2019 0:00,0.402673303,0
2/8/2019 0:00,2.597326697,0
3/8/2019 0:00,3,0
4/8/2019 0:00,0,0
5/8/2019 0:00,1.5,0
6/8/2019 0:00,0,0
7/8/2019 0:00,0,0
8/8/2019 0:00,7,0
9/8/2019 0:00,0.411869861,0
10/8/2019 0:00,4.264019818,0
11/8/2019 0:00,0.263834517,0
12/8/2019 0:00,1.060275805,0
13/8/2019 0:00,0,0
14/8/2019 0:00,8.5,0
15/8/2019 0:00,29,0
16/8/2019 0:00,9.5,0
17/8/2019 0:00,0,0
18/8/2019 0:00,25.39385561,0
19/8/2019 0:00,0.106144393,0
20/8/2019 0:00,0,0
21/8/2019 0:00,1,0
22/8/2019 0:00,3,0
23/8/2019 0:00,0,0
24/8/2019 0:00,30.77995052,0
25/8/2019 0:00,32.22004948,0
26/8/2019 0:00,0,0
27/8/2019 0:00,28.86040809,0
28/8/2019 0:00,27.63959191,0
29/8/2019 0:00,0,0
30/8/2019 0:00,0.5,0
31/8/2019 0:00,0,0
1/9/2019 0:00,0,0
2/9/2019 0:00,41,0
3/9/2019 0:00,0.397148255,0
4/9/2019 0:00,30.60285175,0
5/9/2019 0:00,0,0
6/9/2019 0:00,0,0
7/9/2019 0:00,15,0
8/9/2019 0:00,0,0
9/9/2019 0:00,0,0
10/9/2019 0:00,0,0
11/9/2019 0:00,0,0
12/9/2019 0:00,0,0
13/9/2019 0:00,5.399265438,0
14/9/2019 0:00,13.10073456,0
15/9/2019 0:00,0,0
16/9/2019 0:00,8.5,0
17/9/2019 0:00,0,0
18/9/2019 0:00,17.5,0
19/9/2019 0:00,0,0
20/9/2019 0:00,0,0
21/9/2019 0:00,0,0
22/9/2019 0:00,0,0
23/9/2019 0:00,0,0
24/9/2019 0:00,0,0
25/9/2019 0:00,0,0
26/9/2019 0:00,1,0
27/9/2019 0:00,3,0
28/9/2019 0:00,17.5,0
29/9/2019 0:00,12,0
30/9/2019 0:00,13,0
1/10/2019 0:00,43.5,0
2/10/2019 0:00,1.164961862,0
3/10/2019 0:00,44.83503814,0
4/10/2019 0:00,18.67459704,0
5/10/2019 0:00,2.325402959,0
6/10/2019 0:00,0,0
7/10/2019 0:00,54,0
8/10/2019 0:00,45,0
9/10/2019 0:00,19,0
10/10/2019 0:00,24.5,0
11/10/2019 0:00,15.5,0
12/10/2019 0:00,27.5,0
13/10/2019 0:00,11,0
14/10/2019 0:00,1,0
15/10/2019 0:00,0.5,0
16/10/2019 0:00,1,0
17/10/2019 0:00,49.1400918,0
18/10/2019 0:00,3.859908196,0
19/10/2019 0:00,12.17152904,0
20/10/2019 0:00,0.328470964,0
21/10/2019 0:00,57.5,0
22/10/2019 0:00,28.21331946,0
23/10/2019 0:00,2.506471287,0
24/10/2019 0:00,21.63815109,0
25/10/2019 0:00,6.642058166,0
26/10/2019 0:00,27.5,0
27/10/2019 0:00,23,0
28/10/2019 0:00,1.5,0
29/10/2019 0:00,43.2826087,0
30/10/2019 0:00,54.2173913,0
31/10/2019 0:00,31.6875,0
1/11/2019 0:00,24.77254185,0
2/11/2019 0:00,6.539958149,0
3/11/2019 0:00,0,0
4/11/2019 0:00,1.5,0
5/11/2019 0:00,0,0
6/11/2019 0:00,1.5,0
7/11/2019 0:00,3.809540258,0
8/11/2019 0:00,21.19045974,0
9/11/2019 0:00,0,0
10/11/2019 0:00,0,0
11/11/2019 0:00,0.5,0
12/11/2019 0:00,15,0
13/11/2019 0:00,1,0
14/11/2019 0:00,34.36018019,0
15/11/2019 0:00,11.63981981,0
16/11/2019 0:00,11.5,0
17/11/2019 0:00,4,0
18/11/2019 0:00,0.943420872,0
19/11/2019 0:00,2.056579128,0
20/11/2019 0:00,0,0
21/11/2019 0:00,0,0
22/11/2019 0:00,0,0
23/11/2019 0:00,58,0
24/11/2019 0:00,0.5,0
25/11/2019 0:00,8,0
26/11/2019 0:00,3.5,0
27/11/2019 0:00,2.5,0
28/11/2019 0:00,2,0
29/11/2019 0:00,0,0
30/11/2019 0:00,0.5,0
1/12/2019 0:00,32.5,0
2/12/2019 0:00,0,0
3/12/2019 0:00,0,0
4/12/2019 0:00,0,0
5/12/2019 0:00,0,0
6/12/2019 0:00,37.20797294,0
7/12/2019 0:00,0.292027062,0
8/12/2019 0:00,0,0
9/12/2019 0:00,0,0
10/12/2019 0:00,1,0
11/12/2019 0:00,1.5,0
12/12/2019 0:00,0,0
13/12/2019 0:00,0.362624495,0
14/12/2019 0:00,19.13737551,0
15/12/2019 0:00,58.40271603,0
16/12/2019 0:00,1.597283971,0
17/12/2019 0:00,6.5,0
18/12/2019 0:00,0.5,0
19/12/2019 0:00,0.420665177,0
20/12/2019 0:00,0.079334823,0
21/12/2019 0:00,0,0
22/12/2019 0:00,0,0
23/12/2019 0:00,124.9202128,1
24/12/2019 0:00,13.07978723,0
25/12/2019 0:00,7.109717846,0
26/12/2019 0:00,35.89028215,0
27/12/2019 0:00,0,0
28/12/2019 0:00,0,0
29/12/2019 0:00,0,0
30/12/2019 0:00,0,0
31/12/2019 0:00,0,0
1/1/2020 0:00,0,0
2/1/2020 0:00,0,0
3/1/2020 0:00,0,0
4/1/2020 0:00,0,0
5/1/2020 0:00,0,0
6/1/2020 0:00,0,0
7/1/2020 0:00,0,0
8/1/2020 0:00,6,0
9/1/2020 0:00,0,0
10/1/2020 0:00,0,0
11/1/2020 0:00,0,0
12/1/2020 0:00,0,0
13/1/2020 0:00,0,0
14/1/2020 0:00,0,0
15/1/2020 0:00,0,0
16/1/2020 0:00,23.5,0
17/1/2020 0:00,0,0
18/1/2020 0:00,2.440644146,0
19/1/2020 0:00,12.55935585,0
20/1/2020 0:00,0,0
21/1/2020 0:00,0,0
22/1/2020 0:00,0,0
23/1/2020 0:00,0,0
24/1/2020 0:00,0,0
25/1/2020 0:00,0,0
26/1/2020 0:00,6.886550928,0
27/1/2020 0:00,56.61344907,0
28/1/2020 0:00,30.35806724,0
29/1/2020 0:00,61.64193276,0
30/1/2020 0:00,0.5,0
31/1/2020 0:00,0,0
1/2/2020 0:00,0,0
2/2/2020 0:00,0,0
3/2/2020 0:00,0,0
4/2/2020 0:00,0.5,0
5/2/2020 0:00,0,0
6/2/2020 0:00,15.5,0
7/2/2020 0:00,0,0
8/2/2020 0:00,0,0
9/2/2020 0:00,1.089410396,0
10/2/2020 0:00,5.410589604,0
11/2/2020 0:00,0,0
12/2/2020 0:00,0,0
13/2/2020 0:00,2,0
14/2/2020 0:00,17.53991228,0
15/2/2020 0:00,12.96008772,0
16/2/2020 0:00,0,0
17/2/2020 0:00,0.41322314,0
18/2/2020 0:00,5.58677686,0
19/2/2020 0:00,0,0
20/2/2020 0:00,0,0
21/2/2020 0:00,0,0
22/2/2020 0:00,0,0
23/2/2020 0:00,0,0
24/2/2020 0:00,0,0
25/2/2020 0:00,0,0
26/2/2020 0:00,0,0
27/2/2020 0:00,0,0
28/2/2020 0:00,0,0
29/2/2020 0:00,2,0
1/3/2020 0:00,0,0
2/3/2020 0:00,0,0
3/3/2020 0:00,17,0
4/3/2020 0:00,31,0
5/3/2020 0:00,32.32917288,0
6/3/2020 0:00,25.67082712,0
7/3/2020 0:00,0,0
8/3/2020 0:00,0.5,0
9/3/2020 0:00,0,0
10/3/2020 0:00,4.5,0
11/3/2020 0:00,7,0
12/3/2020 0:00,0,0
13/3/2020 0:00,0,0
14/3/2020 0:00,0,0
15/3/2020 0:00,0,0
16/3/2020 0:00,0,0
17/3/2020 0:00,0,0
18/3/2020 0:00,0,0
19/3/2020 0:00,0,0
20/3/2020 0:00,0,0
21/3/2020 0:00,1.5,0
22/3/2020 0:00,3.5,0
23/3/2020 0:00,18,0
24/3/2020 0:00,0,0
25/3/2020 0:00,0,0
26/3/2020 0:00,0,0
27/3/2020 0:00,0.5,0
28/3/2020 0:00,0,0
29/3/2020 0:00,0,0
30/3/2020 0:00,0,0
31/3/2020 0:00,32,0
1/4/2020 0:00,15.5,0
2/4/2020 0:00,33.5,0
3/4/2020 0:00,6,0
4/4/2020 0:00,41,0
5/4/2020 0:00,52.5,0
6/4/2020 0:00,19.905,0
7/4/2020 0:00,90.095,0
8/4/2020 0:00,22.5,0
9/4/2020 0:00,0,0
10/4/2020 0:00,15.5,0
11/4/2020 0:00,0,0
12/4/2020 0:00,0,0
13/4/2020 0:00,4.5,0
14/4/2020 0:00,0,0
15/4/2020 0:00,2,0
16/4/2020 0:00,0,0
17/4/2020 0:00,4,0
18/4/2020 0:00,43.20237632,0
19/4/2020 0:00,0.297623681,0
20/4/2020 0:00,0,0
21/4/2020 0:00,0,0
22/4/2020 0:00,29,0
23/4/2020 0:00,78.84022845,0
24/4/2020 0:00,0.159771552,0
25/4/2020 0:00,52.5,0
26/4/2020 0:00,45,0
27/4/2020 0:00,12,0
28/4/2020 0:00,0.581934184,0
29/4/2020 0:00,52.91806582,0
30/4/2020 0:00,4.442922138,0
1/5/2020 0:00,0.057077862,0
2/5/2020 0:00,0,0
3/5/2020 0:00,0,0
4/5/2020 0:00,12.5,0
5/5/2020 0:00,0.426161586,0
6/5/2020 0:00,6.073838414,0
7/5/2020 0:00,4,0
8/5/2020 0:00,0,0
9/5/2020 0:00,0,0
10/5/2020 0:00,20.5,0
11/5/2020 0:00,7.5,0
12/5/2020 0:00,40.28190169,0
13/5/2020 0:00,2.718098305,0
14/5/2020 0:00,3,0
15/5/2020 0:00,0,0
16/5/2020 0:00,46.47404372,0
17/5/2020 0:00,59.02595628,0
18/5/2020 0:00,22.5,0
19/5/2020 0:00,17,0
20/5/2020 0:00,24,0
21/5/2020 0:00,5.5,0
22/5/2020 0:00,0,0
23/5/2020 0:00,55,0
24/5/2020 0:00,0,0
25/5/2020 0:00,3,0
26/5/2020 0:00,18.5,0
27/5/2020 0:00,51,0
28/5/2020 0:00,33.78656687,0
29/5/2020 0:00,59.71060557,0
30/5/2020 0:00,3.002827564,0
31/5/2020 0:00,1,0
1/6/2020 0:00,0,0
2/6/2020 0:00,0,0
3/6/2020 0:00,22.5,0
4/6/2020 0:00,39,0
5/6/2020 0:00,1.99011194,0
6/6/2020 0:00,0.50988806,0
7/6/2020 0:00,0,0
8/6/2020 0:00,0,0
9/6/2020 0:00,31,0
10/6/2020 0:00,0,0
11/6/2020 0:00,4,0
12/6/2020 0:00,93.61440516,0
13/6/2020 0:00,0.385594842,0
14/6/2020 0:00,0,0
15/6/2020 0:00,0,0
16/6/2020 0:00,0,0
17/6/2020 0:00,3,0
18/6/2020 0:00,5.5,0
19/6/2020 0:00,14,0
20/6/2020 0:00,2,0
21/6/2020 0:00,0.436132354,0
22/6/2020 0:00,5.425667194,0
23/6/2020 0:00,2.638200452,0
24/6/2020 0:00,9.5,0
25/6/2020 0:00,0.863390946,0
26/6/2020 0:00,5.136609054,0
27/6/2020 0:00,0,0
28/6/2020 0:00,0,0
29/6/2020 0:00,0,0
30/6/2020 0:00,0,0
1/7/2020 0:00,0,0
2/7/2020 0:00,0,0
3/7/2020 0:00,0,0
4/7/2020 0:00,0,0
5/7/2020 0:00,0,0
6/7/2020 0:00,0,0
7/7/2020 0:00,38,0
8/7/2020 0:00,0.5,0
9/7/2020 0:00,0.5,0
10/7/2020 0:00,0,0
11/7/2020 0:00,21.2907704,0
12/7/2020 0:00,9.600789218,0
13/7/2020 0:00,9.608440378,0
14/7/2020 0:00,0,0
15/7/2020 0:00,0.379821958,0
16/7/2020 0:00,57.27368681,0
17/7/2020 0:00,15.33957667,0
18/7/2020 0:00,25.50691456,0
19/7/2020 0:00,0,0
20/7/2020 0:00,2.5,0
21/7/2020 0:00,5.756286267,0
22/7/2020 0:00,6.743713733,0
23/7/2020 0:00,33.5,0
24/7/2020 0:00,50.5,0
25/7/2020 0:00,44.5,0
26/7/2020 0:00,0,0
27/7/2020 0:00,0,0
28/7/2020 0:00,0.341232227,0
29/7/2020 0:00,2.158767773,0
30/7/2020 0:00,0.407556782,0
31/7/2020 0:00,62.59244322,0
1/8/2020 0:00,0,0
2/8/2020 0:00,0,0
3/8/2020 0:00,0,0
4/8/2020 0:00,0,0
5/8/2020 0:00,0,0
6/8/2020 0:00,0,0
7/8/2020 0:00,0,0
8/8/2020 0:00,0,0
9/8/2020 0:00,0,0
10/8/2020 0:00,0,0
11/8/2020 0:00,0,0
12/8/2020 0:00,0,0
13/8/2020 0:00,0.385929648,0
14/8/2020 0:00,18.11407035,0
15/8/2020 0:00,0,0
16/8/2020 0:00,65.5,0
17/8/2020 0:00,0,0
18/8/2020 0:00,26.5,0
19/8/2020 0:00,0,0
20/8/2020 0:00,0,0
21/8/2020 0:00,0,0
22/8/2020 0:00,0,0
23/8/2020 0:00,0,0
24/8/2020 0:00,0,0
25/8/2020 0:00,0,0
26/8/2020 0:00,0,0
27/8/2020 0:00,33.5,0
28/8/2020 0:00,0,0
29/8/2020 0:00,0.5,0
30/8/2020 0:00,0,0
31/8/2020 0:00,4,0
1/9/2020 0:00,0,0
2/9/2020 0:00,12,0
3/9/2020 0:00,0.495270851,0
4/9/2020 0:00,18.00472915,0
5/9/2020 0:00,0,0
6/9/2020 0:00,0,0
7/9/2020 0:00,0,0
8/9/2020 0:00,0,0
9/9/2020 0:00,11,0
10/9/2020 0:00,116,0
11/9/2020 0:00,16.12820905,0
12/9/2020 0:00,16.7467519,0
13/9/2020 0:00,4.125039058,0
14/9/2020 0:00,6.5,0
15/9/2020 0:00,0.470311581,0
16/9/2020 0:00,13.02968842,0
17/9/2020 0:00,1,0
18/9/2020 0:00,0,0
19/9/2020 0:00,0,0
20/9/2020 0:00,60.65150537,0
21/9/2020 0:00,6.348494632,0
22/9/2020 0:00,4.325266612,0
23/9/2020 0:00,93.03144377,0
24/9/2020 0:00,0.985608832,0
25/9/2020 0:00,6.657680787,0
26/9/2020 0:00,6.204741649,0
27/9/2020 0:00,0.295258351,0
28/9/2020 0:00,0,0
29/9/2020 0:00,0,0
30/9/2020 0:00,0.398356778,0
1/10/2020 0:00,46.60164322,0
2/10/2020 0:00,2.802817981,0
3/10/2020 0:00,26.19718202,0
4/10/2020 0:00,0,0
5/10/2020 0:00,0,0
6/10/2020 0:00,0,0
7/10/2020 0:00,11,0
8/10/2020 0:00,0,0
9/10/2020 0:00,0.434349833,0
10/10/2020 0:00,4.065650167,0
11/10/2020 0:00,13.5,0
12/10/2020 0:00,0,0
13/10/2020 0:00,0.5,0
14/10/2020 0:00,2,0
15/10/2020 0:00,0,0
16/10/2020 0:00,0,0
17/10/2020 0:00,0,0
18/10/2020 0:00,0,0
19/10/2020 0:00,0.447656796,0
20/10/2020 0:00,0.486306889,0
21/10/2020 0:00,7.066036314,0
22/10/2020 0:00,4.5,0
23/10/2020 0:00,0,0
24/10/2020 0:00,0,0
25/10/2020 0:00,0,0
26/10/2020 0:00,0,0
27/10/2020 0:00,0,0
28/10/2020 0:00,0,0
29/10/2020 0:00,24,0
30/10/2020 0:00,2,0
31/10/2020 0:00,32.5,0
1/11/2020 0:00,14.5,0
2/11/2020 0:00,5,0
3/11/2020 0:00,0.446941246,0
4/11/2020 0:00,111.0530588,0
5/11/2020 0:00,2.5,0
6/11/2020 0:00,4.770742012,0
7/11/2020 0:00,8.229257988,0
8/11/2020 0:00,7.822550599,0
9/11/2020 0:00,6.177449401,0
10/11/2020 0:00,0,0
11/11/2020 0:00,10,0
12/11/2020 0:00,0,0
13/11/2020 0:00,12.92429756,0
14/11/2020 0:00,0.075702435,0
15/11/2020 0:00,27.5,0
16/11/2020 0:00,4,0
17/11/2020 0:00,52.36368892,0
18/11/2020 0:00,0.136311081,0
19/11/2020 0:00,26,0
20/11/2020 0:00,0.496585971,0
21/11/2020 0:00,14.00341403,0
22/11/2020 0:00,3,0
23/11/2020 0:00,11.17488789,0
24/11/2020 0:00,5.825112108,0
25/11/2020 0:00,0,0
26/11/2020 0:00,9,0
27/11/2020 0:00,2,0
28/11/2020 0:00,0.469460609,0
29/11/2020 0:00,38.03053939,0
30/11/2020 0:00,0.358472013,0
1/12/2020 0:00,1.141527987,0
2/12/2020 0:00,0.5,0
3/12/2020 0:00,1.5,0
4/12/2020 0:00,0,0
5/12/2020 0:00,2.5,0
6/12/2020 0:00,16,0
7/12/2020 0:00,0.422293582,0
8/12/2020 0:00,4.077706418,0
9/12/2020 0:00,151,0
10/12/2020 0:00,16.5,0
11/12/2020 0:00,7.5,0
12/12/2020 0:00,3.050126004,0
13/12/2020 0:00,5.449873996,0
14/12/2020 0:00,3.5,0
15/12/2020 0:00,42.5,0
16/12/2020 0:00,6.902229089,0
17/12/2020 0:00,2.097770911,0
18/12/2020 0:00,0.44957852,0
19/12/2020 0:00,0.55042148,0
20/12/2020 0:00,0,0
21/12/2020 0:00,0,0
22/12/2020 0:00,1,0
23/12/2020 0:00,0,0
24/12/2020 0:00,0,0
25/12/2020 0:00,0.5,0
26/12/2020 0:00,56.27980132,0
27/12/2020 0:00,1.220198675,0
28/12/2020 0:00,2,0
29/12/2020 0:00,58.5,0
30/12/2020 0:00,0,0
31/12/2020 0:00,0.359124634,0
1/1/2021 0:00,0.640875366,0
2/1/2021 0:00,8.467741935,0
3/1/2021 0:00,51.46937083,0
4/1/2021 0:00,0.062887237,0
5/1/2021 0:00,0,0
6/1/2021 0:00,0.5,0
7/1/2021 0:00,0,0
8/1/2021 0:00,0,0
9/1/2021 0:00,0,0
10/1/2021 0:00,0,0
11/1/2021 0:00,0,0
12/1/2021 0:00,0,0
13/1/2021 0:00,0,0
14/1/2021 0:00,0,0
15/1/2021 0:00,0,0
16/1/2021 0:00,0,0
17/1/2021 0:00,0,0
18/1/2021 0:00,0,0
19/1/2021 0:00,0,0
20/1/2021 0:00,0,0
21/1/2021 0:00,0,0
22/1/2021 0:00,3,0
23/1/2021 0:00,10,0
24/1/2021 0:00,0,0
25/1/2021 0:00,0,0
26/1/2021 0:00,0,0
27/1/2021 0:00,0,0
28/1/2021 0:00,1.5,0
29/1/2021 0:00,0,0
30/1/2021 0:00,0,0
31/1/2021 0:00,2.5,0
1/2/2021 0:00,0.5,0
2/2/2021 0:00,0,0
3/2/2021 0:00,0,0
4/2/2021 0:00,0,0
5/2/2021 0:00,0,0
6/2/2021 0:00,0,0
7/2/2021 0:00,0,0
8/2/2021 0:00,0,0
9/2/2021 0:00,1.5,0
10/2/2021 0:00,0,0
11/2/2021 0:00,0,0
12/2/2021 0:00,1,0
13/2/2021 0:00,0,0
14/2/2021 0:00,11.59056028,0
15/2/2021 0:00,0.409439723,0
16/2/2021 0:00,0,0
17/2/2021 0:00,0,0
18/2/2021 0:00,0,0
19/2/2021 0:00,0,0
20/2/2021 0:00,0,0
21/2/2021 0:00,0,0
22/2/2021 0:00,0,0
23/2/2021 0:00,0,0
24/2/2021 0:00,0,0
25/2/2021 0:00,0,0
26/2/2021 0:00,0,0
27/2/2021 0:00,0,0
28/2/2021 0:00,0,0
1/3/2021 0:00,0,0
2/3/2021 0:00,3,0
3/3/2021 0:00,0,0
4/3/2021 0:00,0,0
5/3/2021 0:00,8,0
6/3/2021 0:00,27.95213727,0
7/3/2021 0:00,7.547862733,0
8/3/2021 0:00,0,0
9/3/2021 0:00,0,0
10/3/2021 0:00,0,0
11/3/2021 0:00,3.5,0
12/3/2021 0:00,0,0
13/3/2021 0:00,11,0
14/3/2021 0:00,0.5,0
15/3/2021 0:00,0.450119563,0
16/3/2021 0:00,1.049880437,0
17/3/2021 0:00,2.184537675,0
18/3/2021 0:00,9.315462325,0
19/3/2021 0:00,0,0
20/3/2021 0:00,0,0
21/3/2021 0:00,0,0
22/3/2021 0:00,0.5,0
23/3/2021 0:00,0,0
24/3/2021 0:00,0.5,0
25/3/2021 0:00,2.5,0
26/3/2021 0:00,0,0
27/3/2021 0:00,15,0
28/3/2021 0:00,0.351742837,0
29/3/2021 0:00,76.64825716,0
30/3/2021 0:00,24.81762295,0
31/3/2021 0:00,1.182377049,0
1/4/2021 0:00,0,0
2/4/2021 0:00,0,0
3/4/2021 0:00,0.377947796,0
4/4/2021 0:00,1.622052204,0
5/4/2021 0:00,2,0
6/4/2021 0:00,28,0
7/4/2021 0:00,1.920619861,0
8/4/2021 0:00,2.579380139,0
9/4/2021 0:00,7.5,0
10/4/2021 0:00,0.4949304,0
11/4/2021 0:00,13.78713611,0
12/4/2021 0:00,0.717933492,0
13/4/2021 0:00,44.73972603,0
14/4/2021 0:00,30.76027397,0
15/4/2021 0:00,7.5,0
16/4/2021 0:00,7,0
17/4/2021 0:00,92.5,0
18/4/2021 0:00,0,0
19/4/2021 0:00,3.5,0
20/4/2021 0:00,0,0
21/4/2021 0:00,23,0
22/4/2021 0:00,75,0
23/4/2021 0:00,0.394985874,0
24/4/2021 0:00,17.60501413,0
25/4/2021 0:00,0,0
26/4/2021 0:00,3.784161362,0
27/4/2021 0:00,5.215838638,0
28/4/2021 0:00,33.3668456,0
29/4/2021 0:00,0.133154396,0
30/4/2021 0:00,52,0
1/5/2021 0:00,3,0
2/5/2021 0:00,0,0
3/5/2021 0:00,0,0
4/5/2021 0:00,0,0
5/5/2021 0:00,9.5,0
6/5/2021 0:00,24.5,0
7/5/2021 0:00,0,0
8/5/2021 0:00,0,0
9/5/2021 0:00,0,0
10/5/2021 0:00,28.79920619,0
11/5/2021 0:00,23.24392049,0
12/5/2021 0:00,0.956873315,0
13/5/2021 0:00,3.787939415,0
14/5/2021 0:00,29.21206059,0
15/5/2021 0:00,0.5,0
16/5/2021 0:00,0,0
17/5/2021 0:00,23.5,0
18/5/2021 0:00,27,0
19/5/2021 0:00,0.983320548,0
20/5/2021 0:00,0.016679452,0
21/5/2021 0:00,0,0
22/5/2021 0:00,0,0
23/5/2021 0:00,0,0
24/5/2021 0:00,0,0
25/5/2021 0:00,49.5,0
26/5/2021 0:00,2.787592416,0
27/5/2021 0:00,27.21240758,0
28/5/2021 0:00,0,0
29/5/2021 0:00,0,0
30/5/2021 0:00,0.347389752,0
31/5/2021 0:00,4.152610248,0
1/6/2021 0:00,0,0
2/6/2021 0:00,0,0
3/6/2021 0:00,0,0
4/6/2021 0:00,1.699122932,0
5/6/2021 0:00,6.800877068,0
6/6/2021 0:00,14,0
7/6/2021 0:00,0,0
8/6/2021 0:00,0,0
9/6/2021 0:00,0,0
10/6/2021 0:00,4.5,0
11/6/2021 0:00,0,0
12/6/2021 0:00,7.5,0
13/6/2021 0:00,1,0
14/6/2021 0:00,4,0
15/6/2021 0:00,0.5,0
16/6/2021 0:00,4.5,0
17/6/2021 0:00,1.5,0
18/6/2021 0:00,0.491023477,0
19/6/2021 0:00,1.508976523,0
20/6/2021 0:00,21,0
21/6/2021 0:00,0.386333454,0
22/6/2021 0:00,1.113666546,0
23/6/2021 0:00,0,0
24/6/2021 0:00,0,0
25/6/2021 0:00,0,0
26/6/2021 0:00,10.5,0
27/6/2021 0:00,22.5,0
28/6/2021 0:00,37,0
29/6/2021 0:00,5,0
30/6/2021 0:00,0,0
1/7/2021 0:00,0,0
2/7/2021 0:00,0,0
3/7/2021 0:00,21,0
4/7/2021 0:00,0,0
5/7/2021 0:00,22.5,0
6/7/2021 0:00,12,0
7/7/2021 0:00,0,0
8/7/2021 0:00,35,0
9/7/2021 0:00,6.725197478,0
10/7/2021 0:00,55.31335772,0
11/7/2021 0:00,23.6767473,0
12/7/2021 0:00,9.784697509,0
13/7/2021 0:00,0.5,0
14/7/2021 0:00,0,0
15/7/2021 0:00,0,0
16/7/2021 0:00,0,0
17/7/2021 0:00,0,0
18/7/2021 0:00,0,0
19/7/2021 0:00,0,0
20/7/2021 0:00,0,0
21/7/2021 0:00,0,0
22/7/2021 0:00,0.483262019,0
23/7/2021 0:00,1.016737981,0
24/7/2021 0:00,0,0
25/7/2021 0:00,0,0
26/7/2021 0:00,0,0
27/7/2021 0:00,3.5,0
28/7/2021 0:00,1.5,0
29/7/2021 0:00,0,0
30/7/2021 0:00,6,0
31/7/2021 0:00,1.351113716,0
1/8/2021 0:00,13.64888628,0
2/8/2021 0:00,0,0
3/8/2021 0:00,0,0
4/8/2021 0:00,0,0
5/8/2021 0:00,24,0
6/8/2021 0:00,0,0
7/8/2021 0:00,35.5,0
8/8/2021 0:00,12.5,0
9/8/2021 0:00,30,0
10/8/2021 0:00,12.90320398,0
11/8/2021 0:00,22.09679602,0
12/8/2021 0:00,0,0
13/8/2021 0:00,0,0
14/8/2021 0:00,0,0
15/8/2021 0:00,21,0
16/8/2021 0:00,10.12351734,0
17/8/2021 0:00,2.376482661,0
18/8/2021 0:00,42.61433633,0
19/8/2021 0:00,3.885663669,0
20/8/2021 0:00,17.5,0
21/8/2021 0:00,0.435492651,0
22/8/2021 0:00,29.06450735,0
23/8/2021 0:00,0.30223211,0
24/8/2021 0:00,1.69776789,0
25/8/2021 0:00,2,0
26/8/2021 0:00,0,0
27/8/2021 0:00,3.751811486,0
28/8/2021 0:00,5.140313341,0
29/8/2021 0:00,53.47750626,0
30/8/2021 0:00,1.562276049,0
31/8/2021 0:00,4.442498102,0
1/9/2021 0:00,0.625594758,0
2/9/2021 0:00,0,0
3/9/2021 0:00,0.5,0
4/9/2021 0:00,0,0
5/9/2021 0:00,0,0
6/9/2021 0:00,0,0
7/9/2021 0:00,10.5,0
8/9/2021 0:00,0.412802614,0
9/9/2021 0:00,2.587197386,0
10/9/2021 0:00,0.5,0
11/9/2021 0:00,0.941306544,0
12/9/2021 0:00,1.939256273,0
13/9/2021 0:00,41.11943718,0
14/9/2021 0:00,0.260353104,0
15/9/2021 0:00,55.7396469,0
16/9/2021 0:00,0,0
17/9/2021 0:00,32,0
18/9/2021 0:00,20.5,0
19/9/2021 0:00,17.63574661,0
20/9/2021 0:00,2.364253394,0
21/9/2021 0:00,0.451240913,0
22/9/2021 0:00,5.048759087,0
23/9/2021 0:00,0,0
24/9/2021 0:00,13.5,0
25/9/2021 0:00,0,0
26/9/2021 0:00,35.09965826,0
27/9/2021 0:00,29.67761447,0
28/9/2021 0:00,8.222727273,0
29/9/2021 0:00,23,0
30/9/2021 0:00,0,0
1/10/2021 0:00,0,0
2/10/2021 0:00,0.5,0
3/10/2021 0:00,0,0
4/10/2021 0:00,0,0
5/10/2021 0:00,6,0
6/10/2021 0:00,3,0
7/10/2021 0:00,0,0
8/10/2021 0:00,0,0
9/10/2021 0:00,0,0
10/10/2021 0:00,0,0
11/10/2021 0:00,0,0
12/10/2021 0:00,0,0
13/10/2021 0:00,0,0
14/10/2021 0:00,0,0
15/10/2021 0:00,0,0
16/10/2021 0:00,0,0
17/10/2021 0:00,0,0
18/10/2021 0:00,1,0
19/10/2021 0:00,23,0
20/10/2021 0:00,60,0
21/10/2021 0:00,0,0
22/10/2021 0:00,0.334405443,0
23/10/2021 0:00,10.66559456,0
24/10/2021 0:00,5.462896124,0
25/10/2021 0:00,9.037103876,0
26/10/2021 0:00,5,0
27/10/2021 0:00,1.447861727,0
28/10/2021 0:00,1.052138273,0
29/10/2021 0:00,0,0
30/10/2021 0:00,4.861477923,0
31/10/2021 0:00,10.13852208,0
1/11/2021 0:00,18,0
2/11/2021 0:00,1,0
3/11/2021 0:00,6,0
4/11/2021 0:00,30,0
5/11/2021 0:00,6,0
6/11/2021 0:00,0,0
7/11/2021 0:00,63.5,0
8/11/2021 0:00,0,0
9/11/2021 0:00,5.5,0
10/11/2021 0:00,35.75853306,0
11/11/2021 0:00,14.01709848,0
12/11/2021 0:00,3.224368459,0
13/11/2021 0:00,0.289741345,0
14/11/2021 0:00,0.210258655,0
15/11/2021 0:00,0,0
16/11/2021 0:00,80.5,0
17/11/2021 0:00,0,0
18/11/2021 0:00,0,0
19/11/2021 0:00,4.5,0
20/11/2021 0:00,14,0
21/11/2021 0:00,57.11698165,0
22/11/2021 0:00,140.2047522,0
23/11/2021 0:00,0.178266178,0
24/11/2021 0:00,6.5,0
25/11/2021 0:00,0,0
26/11/2021 0:00,0,0
27/11/2021 0:00,58,0
28/11/2021 0:00,18.37729549,0
29/11/2021 0:00,2.122704508,0
30/11/2021 0:00,0,0
1/12/2021 0:00,0.390233327,0
2/12/2021 0:00,10.10976667,0
3/12/2021 0:00,0,0
4/12/2021 0:00,0.5,0
5/12/2021 0:00,0.471219608,0
6/12/2021 0:00,0.028780392,0
7/12/2021 0:00,0,0
8/12/2021 0:00,0,0
9/12/2021 0:00,10,0
10/12/2021 0:00,31,0
11/12/2021 0:00,0,0
12/12/2021 0:00,0,0
13/12/2021 0:00,0,0
14/12/2021 0:00,0,0
15/12/2021 0:00,30.5,0
16/12/2021 0:00,5.9714422,0
17/12/2021 0:00,33.36249533,0
18/12/2021 0:00,197.3151637,0
19/12/2021 0:00,8.85089877,0
20/12/2021 0:00,0,0
21/12/2021 0:00,0.437078856,0
22/12/2021 0:00,63.06292114,0
23/12/2021 0:00,0,0
24/12/2021 0:00,0,0
25/12/2021 0:00,4.5,0
26/12/2021 0:00,0,0
27/12/2021 0:00,0,0
28/12/2021 0:00,0,0
29/12/2021 0:00,0,0
30/12/2021 0:00,0,0
,,
,,
